date_id,date,year,quarter,month,day,iso_week,iso_dow,is_weekend,is_month_start,is_month_end
20200101,2020-01-01,2020,1,1,1,1,3,False,True,False
20200102,2020-01-02,2020,1,1,2,1,4,False,False,False
20200103,2020-01-03,2020,1,1,3,1,5,False,False,False
20200104,2020-01-04,2020,1,1,4,1,6,True,False,False
20200105,2020-01-05,2020,1,1,5,1,7,True,False,False
20200106,2020-01-06,2020,1,1,6,2,1,False,False,False
20200107,2020-01-07,2020,1,1,7,2,2,False,False,False
20200108,2020-01-08,2020,1,1,8,2,3,False,False,False
20200109,2020-01-09,2020,1,1,9,2,4,False,False,False
20200110,2020-01-10,2020,1,1,10,2,5,False,False,False
20200111,2020-01-11,2020,1,1,11,2,6,True,False,False
20200112,2020-01-12,2020,1,1,12,2,7,True,False,False
20200113,2020-01-13,2020,1,1,13,3,1,False,False,False
20200114,2020-01-14,2020,1,1,14,3,2,False,False,False
20200115,2020-01-15,2020,1,1,15,3,3,False,False,False
20200116,2020-01-16,2020,1,1,16,3,4,False,False,False
20200117,2020-01-17,2020,1,1,17,3,5,False,False,False
20200118,2020-01-18,2020,1,1,18,3,6,True,False,False
20200119,2020-01-19,2020,1,1,19,3,7,True,False,False
20200120,2020-01-20,2020,1,1,20,4,1,False,False,False
20200121,2020-01-21,2020,1,1,21,4,2,False,False,False
20200122,2020-01-22,2020,1,1,22,4,3,False,False,False
20200123,2020-01-23,2020,1,1,23,4,4,False,False,False
20200124,2020-01-24,2020,1,1,24,4,5,False,False,False
20200125,2020-01-25,2020,1,1,25,4,6,True,False,False
20200126,2020-01-26,2020,1,1,26,4,7,True,False,False
20200127,2020-01-27,2020,1,1,27,5,1,False,False,False
20200128,2020-01-28,2020,1,1,28,5,2,False,False,False
20200129,2020-01-29,2020,1,1,29,5,3,False,False,False
20200130,2020-01-30,2020,1,1,30,5,4,False,False,False
20200131,2020-01-31,2020,1,1,31,5,5,False,False,True
20200201,2020-02-01,2020,1,2,1,5,6,True,True,False
20200202,2020-02-02,2020,1,2,2,5,7,True,False,False
20200203,2020-02-03,2020,1,2,3,6,1,False,False,False
20200204,2020-02-04,2020,1,2,4,6,2,False,False,False
20200205,2020-02-05,2020,1,2,5,6,3,False,False,False
20200206,2020-02-06,2020,1,2,6,6,4,False,False,False
20200207,2020-02-07,2020,1,2,7,6,5,False,False,False
20200208,2020-02-08,2020,1,2,8,6,6,True,False,False
20200209,2020-02-09,2020,1,2,9,6,7,True,False,False
20200210,2020-02-10,2020,1,2,10,7,1,False,False,False
20200211,2020-02-11,2020,1,2,11,7,2,False,False,False
20200212,2020-02-12,2020,1,2,12,7,3,False,False,False
20200213,2020-02-13,2020,1,2,13,7,4,False,False,False
20200214,2020-02-14,2020,1,2,14,7,5,False,False,False
20200215,2020-02-15,2020,1,2,15,7,6,True,False,False
20200216,2020-02-16,2020,1,2,16,7,7,True,False,False
20200217,2020-02-17,2020,1,2,17,8,1,False,False,False
20200218,2020-02-18,2020,1,2,18,8,2,False,False,False
20200219,2020-02-19,2020,1,2,19,8,3,False,False,False
20200220,2020-02-20,2020,1,2,20,8,4,False,False,False
20200221,2020-02-21,2020,1,2,21,8,5,False,False,False
20200222,2020-02-22,2020,1,2,22,8,6,True,False,False
20200223,2020-02-23,2020,1,2,23,8,7,True,False,False
20200224,2020-02-24,2020,1,2,24,9,1,False,False,False
20200225,2020-02-25,2020,1,2,25,9,2,False,False,False
20200226,2020-02-26,2020,1,2,26,9,3,False,False,False
20200227,2020-02-27,2020,1,2,27,9,4,False,False,False
20200228,2020-02-28,2020,1,2,28,9,5,False,False,False
20200229,2020-02-29,2020,1,2,29,9,6,True,False,True
20200301,2020-03-01,2020,1,3,1,9,7,True,True,False
20200302,2020-03-02,2020,1,3,2,10,1,False,False,False
20200303,2020-03-03,2020,1,3,3,10,2,False,False,False
20200304,2020-03-04,2020,1,3,4,10,3,False,False,False
20200305,2020-03-05,2020,1,3,5,10,4,False,False,False
20200306,2020-03-06,2020,1,3,6,10,5,False,False,False
20200307,2020-03-07,2020,1,3,7,10,6,True,False,False
20200308,2020-03-08,2020,1,3,8,10,7,True,False,False
20200309,2020-03-09,2020,1,3,9,11,1,False,False,False
20200310,2020-03-10,2020,1,3,10,11,2,False,False,False
20200311,2020-03-11,2020,1,3,11,11,3,False,False,False
20200312,2020-03-12,2020,1,3,12,11,4,False,False,False
20200313,2020-03-13,2020,1,3,13,11,5,False,False,False
20200314,2020-03-14,2020,1,3,14,11,6,True,False,False
20200315,2020-03-15,2020,1,3,15,11,7,True,False,False
20200316,2020-03-16,2020,1,3,16,12,1,False,False,False
20200317,2020-03-17,2020,1,3,17,12,2,False,False,False
20200318,2020-03-18,2020,1,3,18,12,3,False,False,False
20200319,2020-03-19,2020,1,3,19,12,4,False,False,False
20200320,2020-03-20,2020,1,3,20,12,5,False,False,False
20200321,2020-03-21,2020,1,3,21,12,6,True,False,False
20200322,2020-03-22,2020,1,3,22,12,7,True,False,False
20200323,2020-03-23,2020,1,3,23,13,1,False,False,False
20200324,2020-03-24,2020,1,3,24,13,2,False,False,False
20200325,2020-03-25,2020,1,3,25,13,3,False,False,False
20200326,2020-03-26,2020,1,3,26,13,4,False,False,False
20200327,2020-03-27,2020,1,3,27,13,5,False,False,False
20200328,2020-03-28,2020,1,3,28,13,6,True,False,False
20200329,2020-03-29,2020,1,3,29,13,7,True,False,False
20200330,2020-03-30,2020,1,3,30,14,1,False,False,False
20200331,2020-03-31,2020,1,3,31,14,2,False,False,True
20200401,2020-04-01,2020,2,4,1,14,3,False,True,False
20200402,2020-04-02,2020,2,4,2,14,4,False,False,False
20200403,2020-04-03,2020,2,4,3,14,5,False,False,False
20200404,2020-04-04,2020,2,4,4,14,6,True,False,False
20200405,2020-04-05,2020,2,4,5,14,7,True,False,False
20200406,2020-04-06,2020,2,4,6,15,1,False,False,False
20200407,2020-04-07,2020,2,4,7,15,2,False,False,False
20200408,2020-04-08,2020,2,4,8,15,3,False,False,False
20200409,2020-04-09,2020,2,4,9,15,4,False,False,False
20200410,2020-04-10,2020,2,4,10,15,5,False,False,False
20200411,2020-04-11,2020,2,4,11,15,6,True,False,False
20200412,2020-04-12,2020,2,4,12,15,7,True,False,False
20200413,2020-04-13,2020,2,4,13,16,1,False,False,False
20200414,2020-04-14,2020,2,4,14,16,2,False,False,False
20200415,2020-04-15,2020,2,4,15,16,3,False,False,False
20200416,2020-04-16,2020,2,4,16,16,4,False,False,False
20200417,2020-04-17,2020,2,4,17,16,5,False,False,False
20200418,2020-04-18,2020,2,4,18,16,6,True,False,False
20200419,2020-04-19,2020,2,4,19,16,7,True,False,False
20200420,2020-04-20,2020,2,4,20,17,1,False,False,False
20200421,2020-04-21,2020,2,4,21,17,2,False,False,False
20200422,2020-04-22,2020,2,4,22,17,3,False,False,False
20200423,2020-04-23,2020,2,4,23,17,4,False,False,False
20200424,2020-04-24,2020,2,4,24,17,5,False,False,False
20200425,2020-04-25,2020,2,4,25,17,6,True,False,False
20200426,2020-04-26,2020,2,4,26,17,7,True,False,False
20200427,2020-04-27,2020,2,4,27,18,1,False,False,False
20200428,2020-04-28,2020,2,4,28,18,2,False,False,False
20200429,2020-04-29,2020,2,4,29,18,3,False,False,False
20200430,2020-04-30,2020,2,4,30,18,4,False,False,True
20200501,2020-05-01,2020,2,5,1,18,5,False,True,False
20200502,2020-05-02,2020,2,5,2,18,6,True,False,False
20200503,2020-05-03,2020,2,5,3,18,7,True,False,False
20200504,2020-05-04,2020,2,5,4,19,1,False,False,False
20200505,2020-05-05,2020,2,5,5,19,2,False,False,False
20200506,2020-05-06,2020,2,5,6,19,3,False,False,False
20200507,2020-05-07,2020,2,5,7,19,4,False,False,False
20200508,2020-05-08,2020,2,5,8,19,5,False,False,False
20200509,2020-05-09,2020,2,5,9,19,6,True,False,False
20200510,2020-05-10,2020,2,5,10,19,7,True,False,False
20200511,2020-05-11,2020,2,5,11,20,1,False,False,False
20200512,2020-05-12,2020,2,5,12,20,2,False,False,False
20200513,2020-05-13,2020,2,5,13,20,3,False,False,False
20200514,2020-05-14,2020,2,5,14,20,4,False,False,False
20200515,2020-05-15,2020,2,5,15,20,5,False,False,False
20200516,2020-05-16,2020,2,5,16,20,6,True,False,False
20200517,2020-05-17,2020,2,5,17,20,7,True,False,False
20200518,2020-05-18,2020,2,5,18,21,1,False,False,False
20200519,2020-05-19,2020,2,5,19,21,2,False,False,False
20200520,2020-05-20,2020,2,5,20,21,3,False,False,False
20200521,2020-05-21,2020,2,5,21,21,4,False,False,False
20200522,2020-05-22,2020,2,5,22,21,5,False,False,False
20200523,2020-05-23,2020,2,5,23,21,6,True,False,False
20200524,2020-05-24,2020,2,5,24,21,7,True,False,False
20200525,2020-05-25,2020,2,5,25,22,1,False,False,False
20200526,2020-05-26,2020,2,5,26,22,2,False,False,False
20200527,2020-05-27,2020,2,5,27,22,3,False,False,False
20200528,2020-05-28,2020,2,5,28,22,4,False,False,False
20200529,2020-05-29,2020,2,5,29,22,5,False,False,False
20200530,2020-05-30,2020,2,5,30,22,6,True,False,False
20200531,2020-05-31,2020,2,5,31,22,7,True,False,True
20200601,2020-06-01,2020,2,6,1,23,1,False,True,False
20200602,2020-06-02,2020,2,6,2,23,2,False,False,False
20200603,2020-06-03,2020,2,6,3,23,3,False,False,False
20200604,2020-06-04,2020,2,6,4,23,4,False,False,False
20200605,2020-06-05,2020,2,6,5,23,5,False,False,False
20200606,2020-06-06,2020,2,6,6,23,6,True,False,False
20200607,2020-06-07,2020,2,6,7,23,7,True,False,False
20200608,2020-06-08,2020,2,6,8,24,1,False,False,False
20200609,2020-06-09,2020,2,6,9,24,2,False,False,False
20200610,2020-06-10,2020,2,6,10,24,3,False,False,False
20200611,2020-06-11,2020,2,6,11,24,4,False,False,False
20200612,2020-06-12,2020,2,6,12,24,5,False,False,False
20200613,2020-06-13,2020,2,6,13,24,6,True,False,False
20200614,2020-06-14,2020,2,6,14,24,7,True,False,False
20200615,2020-06-15,2020,2,6,15,25,1,False,False,False
20200616,2020-06-16,2020,2,6,16,25,2,False,False,False
20200617,2020-06-17,2020,2,6,17,25,3,False,False,False
20200618,2020-06-18,2020,2,6,18,25,4,False,False,False
20200619,2020-06-19,2020,2,6,19,25,5,False,False,False
20200620,2020-06-20,2020,2,6,20,25,6,True,False,False
20200621,2020-06-21,2020,2,6,21,25,7,True,False,False
20200622,2020-06-22,2020,2,6,22,26,1,False,False,False
20200623,2020-06-23,2020,2,6,23,26,2,False,False,False
20200624,2020-06-24,2020,2,6,24,26,3,False,False,False
20200625,2020-06-25,2020,2,6,25,26,4,False,False,False
20200626,2020-06-26,2020,2,6,26,26,5,False,False,False
20200627,2020-06-27,2020,2,6,27,26,6,True,False,False
20200628,2020-06-28,2020,2,6,28,26,7,True,False,False
20200629,2020-06-29,2020,2,6,29,27,1,False,False,False
20200630,2020-06-30,2020,2,6,30,27,2,False,False,True
20200701,2020-07-01,2020,3,7,1,27,3,False,True,False
20200702,2020-07-02,2020,3,7,2,27,4,False,False,False
20200703,2020-07-03,2020,3,7,3,27,5,False,False,False
20200704,2020-07-04,2020,3,7,4,27,6,True,False,False
20200705,2020-07-05,2020,3,7,5,27,7,True,False,False
20200706,2020-07-06,2020,3,7,6,28,1,False,False,False
20200707,2020-07-07,2020,3,7,7,28,2,False,False,False
20200708,2020-07-08,2020,3,7,8,28,3,False,False,False
20200709,2020-07-09,2020,3,7,9,28,4,False,False,False
20200710,2020-07-10,2020,3,7,10,28,5,False,False,False
20200711,2020-07-11,2020,3,7,11,28,6,True,False,False
20200712,2020-07-12,2020,3,7,12,28,7,True,False,False
20200713,2020-07-13,2020,3,7,13,29,1,False,False,False
20200714,2020-07-14,2020,3,7,14,29,2,False,False,False
20200715,2020-07-15,2020,3,7,15,29,3,False,False,False
20200716,2020-07-16,2020,3,7,16,29,4,False,False,False
20200717,2020-07-17,2020,3,7,17,29,5,False,False,False
20200718,2020-07-18,2020,3,7,18,29,6,True,False,False
20200719,2020-07-19,2020,3,7,19,29,7,True,False,False
20200720,2020-07-20,2020,3,7,20,30,1,False,False,False
20200721,2020-07-21,2020,3,7,21,30,2,False,False,False
20200722,2020-07-22,2020,3,7,22,30,3,False,False,False
20200723,2020-07-23,2020,3,7,23,30,4,False,False,False
20200724,2020-07-24,2020,3,7,24,30,5,False,False,False
20200725,2020-07-25,2020,3,7,25,30,6,True,False,False
20200726,2020-07-26,2020,3,7,26,30,7,True,False,False
20200727,2020-07-27,2020,3,7,27,31,1,False,False,False
20200728,2020-07-28,2020,3,7,28,31,2,False,False,False
20200729,2020-07-29,2020,3,7,29,31,3,False,False,False
20200730,2020-07-30,2020,3,7,30,31,4,False,False,False
20200731,2020-07-31,2020,3,7,31,31,5,False,False,True
20200801,2020-08-01,2020,3,8,1,31,6,True,True,False
20200802,2020-08-02,2020,3,8,2,31,7,True,False,False
20200803,2020-08-03,2020,3,8,3,32,1,False,False,False
20200804,2020-08-04,2020,3,8,4,32,2,False,False,False
20200805,2020-08-05,2020,3,8,5,32,3,False,False,False
20200806,2020-08-06,2020,3,8,6,32,4,False,False,False
20200807,2020-08-07,2020,3,8,7,32,5,False,False,False
20200808,2020-08-08,2020,3,8,8,32,6,True,False,False
20200809,2020-08-09,2020,3,8,9,32,7,True,False,False
20200810,2020-08-10,2020,3,8,10,33,1,False,False,False
20200811,2020-08-11,2020,3,8,11,33,2,False,False,False
20200812,2020-08-12,2020,3,8,12,33,3,False,False,False
20200813,2020-08-13,2020,3,8,13,33,4,False,False,False
20200814,2020-08-14,2020,3,8,14,33,5,False,False,False
20200815,2020-08-15,2020,3,8,15,33,6,True,False,False
20200816,2020-08-16,2020,3,8,16,33,7,True,False,False
20200817,2020-08-17,2020,3,8,17,34,1,False,False,False
20200818,2020-08-18,2020,3,8,18,34,2,False,False,False
20200819,2020-08-19,2020,3,8,19,34,3,False,False,False
20200820,2020-08-20,2020,3,8,20,34,4,False,False,False
20200821,2020-08-21,2020,3,8,21,34,5,False,False,False
20200822,2020-08-22,2020,3,8,22,34,6,True,False,False
20200823,2020-08-23,2020,3,8,23,34,7,True,False,False
20200824,2020-08-24,2020,3,8,24,35,1,False,False,False
20200825,2020-08-25,2020,3,8,25,35,2,False,False,False
20200826,2020-08-26,2020,3,8,26,35,3,False,False,False
20200827,2020-08-27,2020,3,8,27,35,4,False,False,False
20200828,2020-08-28,2020,3,8,28,35,5,False,False,False
20200829,2020-08-29,2020,3,8,29,35,6,True,False,False
20200830,2020-08-30,2020,3,8,30,35,7,True,False,False
20200831,2020-08-31,2020,3,8,31,36,1,False,False,True
20200901,2020-09-01,2020,3,9,1,36,2,False,True,False
20200902,2020-09-02,2020,3,9,2,36,3,False,False,False
20200903,2020-09-03,2020,3,9,3,36,4,False,False,False
20200904,2020-09-04,2020,3,9,4,36,5,False,False,False
20200905,2020-09-05,2020,3,9,5,36,6,True,False,False
20200906,2020-09-06,2020,3,9,6,36,7,True,False,False
20200907,2020-09-07,2020,3,9,7,37,1,False,False,False
20200908,2020-09-08,2020,3,9,8,37,2,False,False,False
20200909,2020-09-09,2020,3,9,9,37,3,False,False,False
20200910,2020-09-10,2020,3,9,10,37,4,False,False,False
20200911,2020-09-11,2020,3,9,11,37,5,False,False,False
20200912,2020-09-12,2020,3,9,12,37,6,True,False,False
20200913,2020-09-13,2020,3,9,13,37,7,True,False,False
20200914,2020-09-14,2020,3,9,14,38,1,False,False,False
20200915,2020-09-15,2020,3,9,15,38,2,False,False,False
20200916,2020-09-16,2020,3,9,16,38,3,False,False,False
20200917,2020-09-17,2020,3,9,17,38,4,False,False,False
20200918,2020-09-18,2020,3,9,18,38,5,False,False,False
20200919,2020-09-19,2020,3,9,19,38,6,True,False,False
20200920,2020-09-20,2020,3,9,20,38,7,True,False,False
20200921,2020-09-21,2020,3,9,21,39,1,False,False,False
20200922,2020-09-22,2020,3,9,22,39,2,False,False,False
20200923,2020-09-23,2020,3,9,23,39,3,False,False,False
20200924,2020-09-24,2020,3,9,24,39,4,False,False,False
20200925,2020-09-25,2020,3,9,25,39,5,False,False,False
20200926,2020-09-26,2020,3,9,26,39,6,True,False,False
20200927,2020-09-27,2020,3,9,27,39,7,True,False,False
20200928,2020-09-28,2020,3,9,28,40,1,False,False,False
20200929,2020-09-29,2020,3,9,29,40,2,False,False,False
20200930,2020-09-30,2020,3,9,30,40,3,False,False,True
20201001,2020-10-01,2020,4,10,1,40,4,False,True,False
20201002,2020-10-02,2020,4,10,2,40,5,False,False,False
20201003,2020-10-03,2020,4,10,3,40,6,True,False,False
20201004,2020-10-04,2020,4,10,4,40,7,True,False,False
20201005,2020-10-05,2020,4,10,5,41,1,False,False,False
20201006,2020-10-06,2020,4,10,6,41,2,False,False,False
20201007,2020-10-07,2020,4,10,7,41,3,False,False,False
20201008,2020-10-08,2020,4,10,8,41,4,False,False,False
20201009,2020-10-09,2020,4,10,9,41,5,False,False,False
20201010,2020-10-10,2020,4,10,10,41,6,True,False,False
20201011,2020-10-11,2020,4,10,11,41,7,True,False,False
20201012,2020-10-12,2020,4,10,12,42,1,False,False,False
20201013,2020-10-13,2020,4,10,13,42,2,False,False,False
20201014,2020-10-14,2020,4,10,14,42,3,False,False,False
20201015,2020-10-15,2020,4,10,15,42,4,False,False,False
20201016,2020-10-16,2020,4,10,16,42,5,False,False,False
20201017,2020-10-17,2020,4,10,17,42,6,True,False,False
20201018,2020-10-18,2020,4,10,18,42,7,True,False,False
20201019,2020-10-19,2020,4,10,19,43,1,False,False,False
20201020,2020-10-20,2020,4,10,20,43,2,False,False,False
20201021,2020-10-21,2020,4,10,21,43,3,False,False,False
20201022,2020-10-22,2020,4,10,22,43,4,False,False,False
20201023,2020-10-23,2020,4,10,23,43,5,False,False,False
20201024,2020-10-24,2020,4,10,24,43,6,True,False,False
20201025,2020-10-25,2020,4,10,25,43,7,True,False,False
20201026,2020-10-26,2020,4,10,26,44,1,False,False,False
20201027,2020-10-27,2020,4,10,27,44,2,False,False,False
20201028,2020-10-28,2020,4,10,28,44,3,False,False,False
20201029,2020-10-29,2020,4,10,29,44,4,False,False,False
20201030,2020-10-30,2020,4,10,30,44,5,False,False,False
20201031,2020-10-31,2020,4,10,31,44,6,True,False,True
20201101,2020-11-01,2020,4,11,1,44,7,True,True,False
20201102,2020-11-02,2020,4,11,2,45,1,False,False,False
20201103,2020-11-03,2020,4,11,3,45,2,False,False,False
20201104,2020-11-04,2020,4,11,4,45,3,False,False,False
20201105,2020-11-05,2020,4,11,5,45,4,False,False,False
20201106,2020-11-06,2020,4,11,6,45,5,False,False,False
20201107,2020-11-07,2020,4,11,7,45,6,True,False,False
20201108,2020-11-08,2020,4,11,8,45,7,True,False,False
20201109,2020-11-09,2020,4,11,9,46,1,False,False,False
20201110,2020-11-10,2020,4,11,10,46,2,False,False,False
20201111,2020-11-11,2020,4,11,11,46,3,False,False,False
20201112,2020-11-12,2020,4,11,12,46,4,False,False,False
20201113,2020-11-13,2020,4,11,13,46,5,False,False,False
20201114,2020-11-14,2020,4,11,14,46,6,True,False,False
20201115,2020-11-15,2020,4,11,15,46,7,True,False,False
20201116,2020-11-16,2020,4,11,16,47,1,False,False,False
20201117,2020-11-17,2020,4,11,17,47,2,False,False,False
20201118,2020-11-18,2020,4,11,18,47,3,False,False,False
20201119,2020-11-19,2020,4,11,19,47,4,False,False,False
20201120,2020-11-20,2020,4,11,20,47,5,False,False,False
20201121,2020-11-21,2020,4,11,21,47,6,True,False,False
20201122,2020-11-22,2020,4,11,22,47,7,True,False,False
20201123,2020-11-23,2020,4,11,23,48,1,False,False,False
20201124,2020-11-24,2020,4,11,24,48,2,False,False,False
20201125,2020-11-25,2020,4,11,25,48,3,False,False,False
20201126,2020-11-26,2020,4,11,26,48,4,False,False,False
20201127,2020-11-27,2020,4,11,27,48,5,False,False,False
20201128,2020-11-28,2020,4,11,28,48,6,True,False,False
20201129,2020-11-29,2020,4,11,29,48,7,True,False,False
20201130,2020-11-30,2020,4,11,30,49,1,False,False,True
20201201,2020-12-01,2020,4,12,1,49,2,False,True,False
20201202,2020-12-02,2020,4,12,2,49,3,False,False,False
20201203,2020-12-03,2020,4,12,3,49,4,False,False,False
20201204,2020-12-04,2020,4,12,4,49,5,False,False,False
20201205,2020-12-05,2020,4,12,5,49,6,True,False,False
20201206,2020-12-06,2020,4,12,6,49,7,True,False,False
20201207,2020-12-07,2020,4,12,7,50,1,False,False,False
20201208,2020-12-08,2020,4,12,8,50,2,False,False,False
20201209,2020-12-09,2020,4,12,9,50,3,False,False,False
20201210,2020-12-10,2020,4,12,10,50,4,False,False,False
20201211,2020-12-11,2020,4,12,11,50,5,False,False,False
20201212,2020-12-12,2020,4,12,12,50,6,True,False,False
20201213,2020-12-13,2020,4,12,13,50,7,True,False,False
20201214,2020-12-14,2020,4,12,14,51,1,False,False,False
20201215,2020-12-15,2020,4,12,15,51,2,False,False,False
20201216,2020-12-16,2020,4,12,16,51,3,False,False,False
20201217,2020-12-17,2020,4,12,17,51,4,False,False,False
20201218,2020-12-18,2020,4,12,18,51,5,False,False,False
20201219,2020-12-19,2020,4,12,19,51,6,True,False,False
20201220,2020-12-20,2020,4,12,20,51,7,True,False,False
20201221,2020-12-21,2020,4,12,21,52,1,False,False,False
20201222,2020-12-22,2020,4,12,22,52,2,False,False,False
20201223,2020-12-23,2020,4,12,23,52,3,False,False,False
20201224,2020-12-24,2020,4,12,24,52,4,False,False,False
20201225,2020-12-25,2020,4,12,25,52,5,False,False,False
20201226,2020-12-26,2020,4,12,26,52,6,True,False,False
20201227,2020-12-27,2020,4,12,27,52,7,True,False,False
20201228,2020-12-28,2020,4,12,28,53,1,False,False,False
20201229,2020-12-29,2020,4,12,29,53,2,False,False,False
20201230,2020-12-30,2020,4,12,30,53,3,False,False,False
20201231,2020-12-31,2020,4,12,31,53,4,False,False,True
20210101,2021-01-01,2021,1,1,1,53,5,False,True,False
20210102,2021-01-02,2021,1,1,2,53,6,True,False,False
20210103,2021-01-03,2021,1,1,3,53,7,True,False,False
20210104,2021-01-04,2021,1,1,4,1,1,False,False,False
20210105,2021-01-05,2021,1,1,5,1,2,False,False,False
20210106,2021-01-06,2021,1,1,6,1,3,False,False,False
20210107,2021-01-07,2021,1,1,7,1,4,False,False,False
20210108,2021-01-08,2021,1,1,8,1,5,False,False,False
20210109,2021-01-09,2021,1,1,9,1,6,True,False,False
20210110,2021-01-10,2021,1,1,10,1,7,True,False,False
20210111,2021-01-11,2021,1,1,11,2,1,False,False,False
20210112,2021-01-12,2021,1,1,12,2,2,False,False,False
20210113,2021-01-13,2021,1,1,13,2,3,False,False,False
20210114,2021-01-14,2021,1,1,14,2,4,False,False,False
20210115,2021-01-15,2021,1,1,15,2,5,False,False,False
20210116,2021-01-16,2021,1,1,16,2,6,True,False,False
20210117,2021-01-17,2021,1,1,17,2,7,True,False,False
20210118,2021-01-18,2021,1,1,18,3,1,False,False,False
20210119,2021-01-19,2021,1,1,19,3,2,False,False,False
20210120,2021-01-20,2021,1,1,20,3,3,False,False,False
20210121,2021-01-21,2021,1,1,21,3,4,False,False,False
20210122,2021-01-22,2021,1,1,22,3,5,False,False,False
20210123,2021-01-23,2021,1,1,23,3,6,True,False,False
20210124,2021-01-24,2021,1,1,24,3,7,True,False,False
20210125,2021-01-25,2021,1,1,25,4,1,False,False,False
20210126,2021-01-26,2021,1,1,26,4,2,False,False,False
20210127,2021-01-27,2021,1,1,27,4,3,False,False,False
20210128,2021-01-28,2021,1,1,28,4,4,False,False,False
20210129,2021-01-29,2021,1,1,29,4,5,False,False,False
20210130,2021-01-30,2021,1,1,30,4,6,True,False,False
20210131,2021-01-31,2021,1,1,31,4,7,True,False,True
20210201,2021-02-01,2021,1,2,1,5,1,False,True,False
20210202,2021-02-02,2021,1,2,2,5,2,False,False,False
20210203,2021-02-03,2021,1,2,3,5,3,False,False,False
20210204,2021-02-04,2021,1,2,4,5,4,False,False,False
20210205,2021-02-05,2021,1,2,5,5,5,False,False,False
20210206,2021-02-06,2021,1,2,6,5,6,True,False,False
20210207,2021-02-07,2021,1,2,7,5,7,True,False,False
20210208,2021-02-08,2021,1,2,8,6,1,False,False,False
20210209,2021-02-09,2021,1,2,9,6,2,False,False,False
20210210,2021-02-10,2021,1,2,10,6,3,False,False,False
20210211,2021-02-11,2021,1,2,11,6,4,False,False,False
20210212,2021-02-12,2021,1,2,12,6,5,False,False,False
20210213,2021-02-13,2021,1,2,13,6,6,True,False,False
20210214,2021-02-14,2021,1,2,14,6,7,True,False,False
20210215,2021-02-15,2021,1,2,15,7,1,False,False,False
20210216,2021-02-16,2021,1,2,16,7,2,False,False,False
20210217,2021-02-17,2021,1,2,17,7,3,False,False,False
20210218,2021-02-18,2021,1,2,18,7,4,False,False,False
20210219,2021-02-19,2021,1,2,19,7,5,False,False,False
20210220,2021-02-20,2021,1,2,20,7,6,True,False,False
20210221,2021-02-21,2021,1,2,21,7,7,True,False,False
20210222,2021-02-22,2021,1,2,22,8,1,False,False,False
20210223,2021-02-23,2021,1,2,23,8,2,False,False,False
20210224,2021-02-24,2021,1,2,24,8,3,False,False,False
20210225,2021-02-25,2021,1,2,25,8,4,False,False,False
20210226,2021-02-26,2021,1,2,26,8,5,False,False,False
20210227,2021-02-27,2021,1,2,27,8,6,True,False,False
20210228,2021-02-28,2021,1,2,28,8,7,True,False,True
20210301,2021-03-01,2021,1,3,1,9,1,False,True,False
20210302,2021-03-02,2021,1,3,2,9,2,False,False,False
20210303,2021-03-03,2021,1,3,3,9,3,False,False,False
20210304,2021-03-04,2021,1,3,4,9,4,False,False,False
20210305,2021-03-05,2021,1,3,5,9,5,False,False,False
20210306,2021-03-06,2021,1,3,6,9,6,True,False,False
20210307,2021-03-07,2021,1,3,7,9,7,True,False,False
20210308,2021-03-08,2021,1,3,8,10,1,False,False,False
20210309,2021-03-09,2021,1,3,9,10,2,False,False,False
20210310,2021-03-10,2021,1,3,10,10,3,False,False,False
20210311,2021-03-11,2021,1,3,11,10,4,False,False,False
20210312,2021-03-12,2021,1,3,12,10,5,False,False,False
20210313,2021-03-13,2021,1,3,13,10,6,True,False,False
20210314,2021-03-14,2021,1,3,14,10,7,True,False,False
20210315,2021-03-15,2021,1,3,15,11,1,False,False,False
20210316,2021-03-16,2021,1,3,16,11,2,False,False,False
20210317,2021-03-17,2021,1,3,17,11,3,False,False,False
20210318,2021-03-18,2021,1,3,18,11,4,False,False,False
20210319,2021-03-19,2021,1,3,19,11,5,False,False,False
20210320,2021-03-20,2021,1,3,20,11,6,True,False,False
20210321,2021-03-21,2021,1,3,21,11,7,True,False,False
20210322,2021-03-22,2021,1,3,22,12,1,False,False,False
20210323,2021-03-23,2021,1,3,23,12,2,False,False,False
20210324,2021-03-24,2021,1,3,24,12,3,False,False,False
20210325,2021-03-25,2021,1,3,25,12,4,False,False,False
20210326,2021-03-26,2021,1,3,26,12,5,False,False,False
20210327,2021-03-27,2021,1,3,27,12,6,True,False,False
20210328,2021-03-28,2021,1,3,28,12,7,True,False,False
20210329,2021-03-29,2021,1,3,29,13,1,False,False,False
20210330,2021-03-30,2021,1,3,30,13,2,False,False,False
20210331,2021-03-31,2021,1,3,31,13,3,False,False,True
20210401,2021-04-01,2021,2,4,1,13,4,False,True,False
20210402,2021-04-02,2021,2,4,2,13,5,False,False,False
20210403,2021-04-03,2021,2,4,3,13,6,True,False,False
20210404,2021-04-04,2021,2,4,4,13,7,True,False,False
20210405,2021-04-05,2021,2,4,5,14,1,False,False,False
20210406,2021-04-06,2021,2,4,6,14,2,False,False,False
20210407,2021-04-07,2021,2,4,7,14,3,False,False,False
20210408,2021-04-08,2021,2,4,8,14,4,False,False,False
20210409,2021-04-09,2021,2,4,9,14,5,False,False,False
20210410,2021-04-10,2021,2,4,10,14,6,True,False,False
20210411,2021-04-11,2021,2,4,11,14,7,True,False,False
20210412,2021-04-12,2021,2,4,12,15,1,False,False,False
20210413,2021-04-13,2021,2,4,13,15,2,False,False,False
20210414,2021-04-14,2021,2,4,14,15,3,False,False,False
20210415,2021-04-15,2021,2,4,15,15,4,False,False,False
20210416,2021-04-16,2021,2,4,16,15,5,False,False,False
20210417,2021-04-17,2021,2,4,17,15,6,True,False,False
20210418,2021-04-18,2021,2,4,18,15,7,True,False,False
20210419,2021-04-19,2021,2,4,19,16,1,False,False,False
20210420,2021-04-20,2021,2,4,20,16,2,False,False,False
20210421,2021-04-21,2021,2,4,21,16,3,False,False,False
20210422,2021-04-22,2021,2,4,22,16,4,False,False,False
20210423,2021-04-23,2021,2,4,23,16,5,False,False,False
20210424,2021-04-24,2021,2,4,24,16,6,True,False,False
20210425,2021-04-25,2021,2,4,25,16,7,True,False,False
20210426,2021-04-26,2021,2,4,26,17,1,False,False,False
20210427,2021-04-27,2021,2,4,27,17,2,False,False,False
20210428,2021-04-28,2021,2,4,28,17,3,False,False,False
20210429,2021-04-29,2021,2,4,29,17,4,False,False,False
20210430,2021-04-30,2021,2,4,30,17,5,False,False,True
20210501,2021-05-01,2021,2,5,1,17,6,True,True,False
20210502,2021-05-02,2021,2,5,2,17,7,True,False,False
20210503,2021-05-03,2021,2,5,3,18,1,False,False,False
20210504,2021-05-04,2021,2,5,4,18,2,False,False,False
20210505,2021-05-05,2021,2,5,5,18,3,False,False,False
20210506,2021-05-06,2021,2,5,6,18,4,False,False,False
20210507,2021-05-07,2021,2,5,7,18,5,False,False,False
20210508,2021-05-08,2021,2,5,8,18,6,True,False,False
20210509,2021-05-09,2021,2,5,9,18,7,True,False,False
20210510,2021-05-10,2021,2,5,10,19,1,False,False,False
20210511,2021-05-11,2021,2,5,11,19,2,False,False,False
20210512,2021-05-12,2021,2,5,12,19,3,False,False,False
20210513,2021-05-13,2021,2,5,13,19,4,False,False,False
20210514,2021-05-14,2021,2,5,14,19,5,False,False,False
20210515,2021-05-15,2021,2,5,15,19,6,True,False,False
20210516,2021-05-16,2021,2,5,16,19,7,True,False,False
20210517,2021-05-17,2021,2,5,17,20,1,False,False,False
20210518,2021-05-18,2021,2,5,18,20,2,False,False,False
20210519,2021-05-19,2021,2,5,19,20,3,False,False,False
20210520,2021-05-20,2021,2,5,20,20,4,False,False,False
20210521,2021-05-21,2021,2,5,21,20,5,False,False,False
20210522,2021-05-22,2021,2,5,22,20,6,True,False,False
20210523,2021-05-23,2021,2,5,23,20,7,True,False,False
20210524,2021-05-24,2021,2,5,24,21,1,False,False,False
20210525,2021-05-25,2021,2,5,25,21,2,False,False,False
20210526,2021-05-26,2021,2,5,26,21,3,False,False,False
20210527,2021-05-27,2021,2,5,27,21,4,False,False,False
20210528,2021-05-28,2021,2,5,28,21,5,False,False,False
20210529,2021-05-29,2021,2,5,29,21,6,True,False,False
20210530,2021-05-30,2021,2,5,30,21,7,True,False,False
20210531,2021-05-31,2021,2,5,31,22,1,False,False,True
20210601,2021-06-01,2021,2,6,1,22,2,False,True,False
20210602,2021-06-02,2021,2,6,2,22,3,False,False,False
20210603,2021-06-03,2021,2,6,3,22,4,False,False,False
20210604,2021-06-04,2021,2,6,4,22,5,False,False,False
20210605,2021-06-05,2021,2,6,5,22,6,True,False,False
20210606,2021-06-06,2021,2,6,6,22,7,True,False,False
20210607,2021-06-07,2021,2,6,7,23,1,False,False,False
20210608,2021-06-08,2021,2,6,8,23,2,False,False,False
20210609,2021-06-09,2021,2,6,9,23,3,False,False,False
20210610,2021-06-10,2021,2,6,10,23,4,False,False,False
20210611,2021-06-11,2021,2,6,11,23,5,False,False,False
20210612,2021-06-12,2021,2,6,12,23,6,True,False,False
20210613,2021-06-13,2021,2,6,13,23,7,True,False,False
20210614,2021-06-14,2021,2,6,14,24,1,False,False,False
20210615,2021-06-15,2021,2,6,15,24,2,False,False,False
20210616,2021-06-16,2021,2,6,16,24,3,False,False,False
20210617,2021-06-17,2021,2,6,17,24,4,False,False,False
20210618,2021-06-18,2021,2,6,18,24,5,False,False,False
20210619,2021-06-19,2021,2,6,19,24,6,True,False,False
20210620,2021-06-20,2021,2,6,20,24,7,True,False,False
20210621,2021-06-21,2021,2,6,21,25,1,False,False,False
20210622,2021-06-22,2021,2,6,22,25,2,False,False,False
20210623,2021-06-23,2021,2,6,23,25,3,False,False,False
20210624,2021-06-24,2021,2,6,24,25,4,False,False,False
20210625,2021-06-25,2021,2,6,25,25,5,False,False,False
20210626,2021-06-26,2021,2,6,26,25,6,True,False,False
20210627,2021-06-27,2021,2,6,27,25,7,True,False,False
20210628,2021-06-28,2021,2,6,28,26,1,False,False,False
20210629,2021-06-29,2021,2,6,29,26,2,False,False,False
20210630,2021-06-30,2021,2,6,30,26,3,False,False,True
20210701,2021-07-01,2021,3,7,1,26,4,False,True,False
20210702,2021-07-02,2021,3,7,2,26,5,False,False,False
20210703,2021-07-03,2021,3,7,3,26,6,True,False,False
20210704,2021-07-04,2021,3,7,4,26,7,True,False,False
20210705,2021-07-05,2021,3,7,5,27,1,False,False,False
20210706,2021-07-06,2021,3,7,6,27,2,False,False,False
20210707,2021-07-07,2021,3,7,7,27,3,False,False,False
20210708,2021-07-08,2021,3,7,8,27,4,False,False,False
20210709,2021-07-09,2021,3,7,9,27,5,False,False,False
20210710,2021-07-10,2021,3,7,10,27,6,True,False,False
20210711,2021-07-11,2021,3,7,11,27,7,True,False,False
20210712,2021-07-12,2021,3,7,12,28,1,False,False,False
20210713,2021-07-13,2021,3,7,13,28,2,False,False,False
20210714,2021-07-14,2021,3,7,14,28,3,False,False,False
20210715,2021-07-15,2021,3,7,15,28,4,False,False,False
20210716,2021-07-16,2021,3,7,16,28,5,False,False,False
20210717,2021-07-17,2021,3,7,17,28,6,True,False,False
20210718,2021-07-18,2021,3,7,18,28,7,True,False,False
20210719,2021-07-19,2021,3,7,19,29,1,False,False,False
20210720,2021-07-20,2021,3,7,20,29,2,False,False,False
20210721,2021-07-21,2021,3,7,21,29,3,False,False,False
20210722,2021-07-22,2021,3,7,22,29,4,False,False,False
20210723,2021-07-23,2021,3,7,23,29,5,False,False,False
20210724,2021-07-24,2021,3,7,24,29,6,True,False,False
20210725,2021-07-25,2021,3,7,25,29,7,True,False,False
20210726,2021-07-26,2021,3,7,26,30,1,False,False,False
20210727,2021-07-27,2021,3,7,27,30,2,False,False,False
20210728,2021-07-28,2021,3,7,28,30,3,False,False,False
20210729,2021-07-29,2021,3,7,29,30,4,False,False,False
20210730,2021-07-30,2021,3,7,30,30,5,False,False,False
20210731,2021-07-31,2021,3,7,31,30,6,True,False,True
20210801,2021-08-01,2021,3,8,1,30,7,True,True,False
20210802,2021-08-02,2021,3,8,2,31,1,False,False,False
20210803,2021-08-03,2021,3,8,3,31,2,False,False,False
20210804,2021-08-04,2021,3,8,4,31,3,False,False,False
20210805,2021-08-05,2021,3,8,5,31,4,False,False,False
20210806,2021-08-06,2021,3,8,6,31,5,False,False,False
20210807,2021-08-07,2021,3,8,7,31,6,True,False,False
20210808,2021-08-08,2021,3,8,8,31,7,True,False,False
20210809,2021-08-09,2021,3,8,9,32,1,False,False,False
20210810,2021-08-10,2021,3,8,10,32,2,False,False,False
20210811,2021-08-11,2021,3,8,11,32,3,False,False,False
20210812,2021-08-12,2021,3,8,12,32,4,False,False,False
20210813,2021-08-13,2021,3,8,13,32,5,False,False,False
20210814,2021-08-14,2021,3,8,14,32,6,True,False,False
20210815,2021-08-15,2021,3,8,15,32,7,True,False,False
20210816,2021-08-16,2021,3,8,16,33,1,False,False,False
20210817,2021-08-17,2021,3,8,17,33,2,False,False,False
20210818,2021-08-18,2021,3,8,18,33,3,False,False,False
20210819,2021-08-19,2021,3,8,19,33,4,False,False,False
20210820,2021-08-20,2021,3,8,20,33,5,False,False,False
20210821,2021-08-21,2021,3,8,21,33,6,True,False,False
20210822,2021-08-22,2021,3,8,22,33,7,True,False,False
20210823,2021-08-23,2021,3,8,23,34,1,False,False,False
20210824,2021-08-24,2021,3,8,24,34,2,False,False,False
20210825,2021-08-25,2021,3,8,25,34,3,False,False,False
20210826,2021-08-26,2021,3,8,26,34,4,False,False,False
20210827,2021-08-27,2021,3,8,27,34,5,False,False,False
20210828,2021-08-28,2021,3,8,28,34,6,True,False,False
20210829,2021-08-29,2021,3,8,29,34,7,True,False,False
20210830,2021-08-30,2021,3,8,30,35,1,False,False,False
20210831,2021-08-31,2021,3,8,31,35,2,False,False,True
20210901,2021-09-01,2021,3,9,1,35,3,False,True,False
20210902,2021-09-02,2021,3,9,2,35,4,False,False,False
20210903,2021-09-03,2021,3,9,3,35,5,False,False,False
20210904,2021-09-04,2021,3,9,4,35,6,True,False,False
20210905,2021-09-05,2021,3,9,5,35,7,True,False,False
20210906,2021-09-06,2021,3,9,6,36,1,False,False,False
20210907,2021-09-07,2021,3,9,7,36,2,False,False,False
20210908,2021-09-08,2021,3,9,8,36,3,False,False,False
20210909,2021-09-09,2021,3,9,9,36,4,False,False,False
20210910,2021-09-10,2021,3,9,10,36,5,False,False,False
20210911,2021-09-11,2021,3,9,11,36,6,True,False,False
20210912,2021-09-12,2021,3,9,12,36,7,True,False,False
20210913,2021-09-13,2021,3,9,13,37,1,False,False,False
20210914,2021-09-14,2021,3,9,14,37,2,False,False,False
20210915,2021-09-15,2021,3,9,15,37,3,False,False,False
20210916,2021-09-16,2021,3,9,16,37,4,False,False,False
20210917,2021-09-17,2021,3,9,17,37,5,False,False,False
20210918,2021-09-18,2021,3,9,18,37,6,True,False,False
20210919,2021-09-19,2021,3,9,19,37,7,True,False,False
20210920,2021-09-20,2021,3,9,20,38,1,False,False,False
20210921,2021-09-21,2021,3,9,21,38,2,False,False,False
20210922,2021-09-22,2021,3,9,22,38,3,False,False,False
20210923,2021-09-23,2021,3,9,23,38,4,False,False,False
20210924,2021-09-24,2021,3,9,24,38,5,False,False,False
20210925,2021-09-25,2021,3,9,25,38,6,True,False,False
20210926,2021-09-26,2021,3,9,26,38,7,True,False,False
20210927,2021-09-27,2021,3,9,27,39,1,False,False,False
20210928,2021-09-28,2021,3,9,28,39,2,False,False,False
20210929,2021-09-29,2021,3,9,29,39,3,False,False,False
20210930,2021-09-30,2021,3,9,30,39,4,False,False,True
20211001,2021-10-01,2021,4,10,1,39,5,False,True,False
20211002,2021-10-02,2021,4,10,2,39,6,True,False,False
20211003,2021-10-03,2021,4,10,3,39,7,True,False,False
20211004,2021-10-04,2021,4,10,4,40,1,False,False,False
20211005,2021-10-05,2021,4,10,5,40,2,False,False,False
20211006,2021-10-06,2021,4,10,6,40,3,False,False,False
20211007,2021-10-07,2021,4,10,7,40,4,False,False,False
20211008,2021-10-08,2021,4,10,8,40,5,False,False,False
20211009,2021-10-09,2021,4,10,9,40,6,True,False,False
20211010,2021-10-10,2021,4,10,10,40,7,True,False,False
20211011,2021-10-11,2021,4,10,11,41,1,False,False,False
20211012,2021-10-12,2021,4,10,12,41,2,False,False,False
20211013,2021-10-13,2021,4,10,13,41,3,False,False,False
20211014,2021-10-14,2021,4,10,14,41,4,False,False,False
20211015,2021-10-15,2021,4,10,15,41,5,False,False,False
20211016,2021-10-16,2021,4,10,16,41,6,True,False,False
20211017,2021-10-17,2021,4,10,17,41,7,True,False,False
20211018,2021-10-18,2021,4,10,18,42,1,False,False,False
20211019,2021-10-19,2021,4,10,19,42,2,False,False,False
20211020,2021-10-20,2021,4,10,20,42,3,False,False,False
20211021,2021-10-21,2021,4,10,21,42,4,False,False,False
20211022,2021-10-22,2021,4,10,22,42,5,False,False,False
20211023,2021-10-23,2021,4,10,23,42,6,True,False,False
20211024,2021-10-24,2021,4,10,24,42,7,True,False,False
20211025,2021-10-25,2021,4,10,25,43,1,False,False,False
20211026,2021-10-26,2021,4,10,26,43,2,False,False,False
20211027,2021-10-27,2021,4,10,27,43,3,False,False,False
20211028,2021-10-28,2021,4,10,28,43,4,False,False,False
20211029,2021-10-29,2021,4,10,29,43,5,False,False,False
20211030,2021-10-30,2021,4,10,30,43,6,True,False,False
20211031,2021-10-31,2021,4,10,31,43,7,True,False,True
20211101,2021-11-01,2021,4,11,1,44,1,False,True,False
20211102,2021-11-02,2021,4,11,2,44,2,False,False,False
20211103,2021-11-03,2021,4,11,3,44,3,False,False,False
20211104,2021-11-04,2021,4,11,4,44,4,False,False,False
20211105,2021-11-05,2021,4,11,5,44,5,False,False,False
20211106,2021-11-06,2021,4,11,6,44,6,True,False,False
20211107,2021-11-07,2021,4,11,7,44,7,True,False,False
20211108,2021-11-08,2021,4,11,8,45,1,False,False,False
20211109,2021-11-09,2021,4,11,9,45,2,False,False,False
20211110,2021-11-10,2021,4,11,10,45,3,False,False,False
20211111,2021-11-11,2021,4,11,11,45,4,False,False,False
20211112,2021-11-12,2021,4,11,12,45,5,False,False,False
20211113,2021-11-13,2021,4,11,13,45,6,True,False,False
20211114,2021-11-14,2021,4,11,14,45,7,True,False,False
20211115,2021-11-15,2021,4,11,15,46,1,False,False,False
20211116,2021-11-16,2021,4,11,16,46,2,False,False,False
20211117,2021-11-17,2021,4,11,17,46,3,False,False,False
20211118,2021-11-18,2021,4,11,18,46,4,False,False,False
20211119,2021-11-19,2021,4,11,19,46,5,False,False,False
20211120,2021-11-20,2021,4,11,20,46,6,True,False,False
20211121,2021-11-21,2021,4,11,21,46,7,True,False,False
20211122,2021-11-22,2021,4,11,22,47,1,False,False,False
20211123,2021-11-23,2021,4,11,23,47,2,False,False,False
20211124,2021-11-24,2021,4,11,24,47,3,False,False,False
20211125,2021-11-25,2021,4,11,25,47,4,False,False,False
20211126,2021-11-26,2021,4,11,26,47,5,False,False,False
20211127,2021-11-27,2021,4,11,27,47,6,True,False,False
20211128,2021-11-28,2021,4,11,28,47,7,True,False,False
20211129,2021-11-29,2021,4,11,29,48,1,False,False,False
20211130,2021-11-30,2021,4,11,30,48,2,False,False,True
20211201,2021-12-01,2021,4,12,1,48,3,False,True,False
20211202,2021-12-02,2021,4,12,2,48,4,False,False,False
20211203,2021-12-03,2021,4,12,3,48,5,False,False,False
20211204,2021-12-04,2021,4,12,4,48,6,True,False,False
20211205,2021-12-05,2021,4,12,5,48,7,True,False,False
20211206,2021-12-06,2021,4,12,6,49,1,False,False,False
20211207,2021-12-07,2021,4,12,7,49,2,False,False,False
20211208,2021-12-08,2021,4,12,8,49,3,False,False,False
20211209,2021-12-09,2021,4,12,9,49,4,False,False,False
20211210,2021-12-10,2021,4,12,10,49,5,False,False,False
20211211,2021-12-11,2021,4,12,11,49,6,True,False,False
20211212,2021-12-12,2021,4,12,12,49,7,True,False,False
20211213,2021-12-13,2021,4,12,13,50,1,False,False,False
20211214,2021-12-14,2021,4,12,14,50,2,False,False,False
20211215,2021-12-15,2021,4,12,15,50,3,False,False,False
20211216,2021-12-16,2021,4,12,16,50,4,False,False,False
20211217,2021-12-17,2021,4,12,17,50,5,False,False,False
20211218,2021-12-18,2021,4,12,18,50,6,True,False,False
20211219,2021-12-19,2021,4,12,19,50,7,True,False,False
20211220,2021-12-20,2021,4,12,20,51,1,False,False,False
20211221,2021-12-21,2021,4,12,21,51,2,False,False,False
20211222,2021-12-22,2021,4,12,22,51,3,False,False,False
20211223,2021-12-23,2021,4,12,23,51,4,False,False,False
20211224,2021-12-24,2021,4,12,24,51,5,False,False,False
20211225,2021-12-25,2021,4,12,25,51,6,True,False,False
20211226,2021-12-26,2021,4,12,26,51,7,True,False,False
20211227,2021-12-27,2021,4,12,27,52,1,False,False,False
20211228,2021-12-28,2021,4,12,28,52,2,False,False,False
20211229,2021-12-29,2021,4,12,29,52,3,False,False,False
20211230,2021-12-30,2021,4,12,30,52,4,False,False,False
20211231,2021-12-31,2021,4,12,31,52,5,False,False,True
